{
  "loss": 0.017553262412548065,
  "mae": 0.017553262412548065,
  "val_loss": 0.04412215203046799,
  "val_mae": 0.04412215203046799,
  "epoch": 40,
  "global_step": 1763
}