{
  "loss": 0.019684217870235443,
  "mae": 0.019684217870235443,
  "val_loss": 0.013330751098692417,
  "val_mae": 0.013330751098692417,
  "epoch": 1,
  "global_step": 806
}