{
  "loss": 0.01679162122309208,
  "mae": 0.01679162122309208,
  "val_loss": 0.03486171364784241,
  "val_mae": 0.03486171364784241,
  "epoch": 12,
  "global_step": 559
}